date,symbol,direction,shares,price,value,cost
2015-02-02,511880,buy,2536.080422016523,100.47,254800.00000000003,331.24
2015-02-02,511010,buy,3530.348862569578,105.457,372300.0,483.98999999999995
2015-04-01,511880,sell,14.025962831869666,101.203,1419.4695164737059,1.8453103714158177
2015-04-01,511010,buy,7.363890271374192,105.419,776.2939485179959,1.0091821330733945
2015-06-01,511880,sell,7.082642815212364,101.769,720.7934766613471,0.9370315196597512
2015-06-01,511010,sell,2.980077959291108,105.8,315.2922480929992,0.40987992252089894
2015-08-03,511010,sell,47.44130189741131,108.393,5142.305036566104,6.684996547535935
2015-08-03,511880,buy,10.849401894275898,102.422,1111.217440815526,1.4445826730601838
2015-10-08,511880,sell,5.019508930238404,102.783,515.9201863766939,0.670696242289702
2015-10-08,511010,sell,0.6462265684019579,108.579,70.16663457051618,0.09121662494167103
2015-12-01,511880,sell,8.994101557285392,103.208,928.2632335243106,1.2067422035816038
2015-12-01,511010,buy,6.622589962743484,108.433,718.1072974301642,0.9335394866592134
2016-02-01,511880,sell,2087.485560885417,100.372,209525.10071719106,272.3826309323484
2016-02-01,511010,buy,4883.054782190898,109.804,536178.9473036893,697.0326314947961
2016-04-01,511010,sell,7943.458560269749,111.742,887617.9464416623,1153.903330374161
2016-04-01,518880,buy,341574.7279551039,2.564,875797.6024768865,1138.5368832199524
2016-04-01,511880,buy,55.64425885989477,100.776,5607.605830864755,7.289887580124182
2016-05-31,518880,sell,44057.81017464554,2.576,113492.91900988691,147.54079471285297
2016-05-31,511880,buy,373.98644670900023,101.156,37830.97300329563,49.180264904284314
2016-05-31,511010,buy,341.154584261082,110.891,37830.97300329564,49.180264904284336
2016-06-01,511880,sell,374.16872935320487,101.158,37850.1603239115,49.20520842108495
2016-06-01,511010,sell,336.39688590818696,110.904,37307.76023476157,48.50008830519004
2016-06-01,518880,buy,43228.91962816125,2.579,111487.38372102787,144.93359883733623
2016-06-17,518880,sell,89553.12270374908,2.715,243136.72814067872,316.0777465828823
2016-06-17,511880,buy,800.1814308962215,101.284,81045.57604689291,105.35924886096078
2016-06-17,511010,buy,728.6764072799053,111.223,81045.57604689291,105.35924886096078
2016-07-01,518880,sell,94592.53867867992,2.858,270345.4755436672,351.44911820676737
2016-07-01,511880,buy,888.7797707368995,101.392,90115.15851455572,117.14970606892243
2016-07-01,511010,buy,805.6786635186029,111.85,90115.15851455573,117.14970606892244
2016-07-15,518880,sell,49406.199834417836,2.875,142042.82452395128,184.65567188113664
2016-07-15,511880,buy,466.5202646012987,101.491,47347.608174650406,61.55189062704552
2016-07-15,511010,buy,422.64838675531047,112.026,47347.608174650406,61.55189062704552
2016-08-01,511880,sell,2117.1624787654337,101.609,215122.76230487693,279.65959099634
2016-08-01,511010,sell,1927.2980291763063,112.649,217108.19568868174,282.24065439528624
2016-08-01,518880,buy,224123.47858707994,2.877,644803.2478950289,838.2442222635375
2016-10-10,511880,sell,152.17712316921035,102.071,15532.87113900447,20.19273248070581
2016-10-10,511010,sell,137.303482172251,113.175,15539.321594844507,20.20111807329786
2016-10-10,518880,sell,230839.25844950543,2.737,631807.0503762964,821.3491654891852
2016-10-10,510500,buy,30604.65566022164,6.761,206918.0769187585,268.99349999438607
2016-10-10,510880,buy,78413.22481707681,2.6,203874.38452439973,265.03669988171964
2016-10-10,513100,buy,403652.6757315394,0.3364435670261941,135806.34606278676,176.54824988162278
2016-10-10,513500,buy,176705.51276099632,0.7440438756855576,131476.65456969547,170.9196509406041
2016-10-11,518880,sell,1293.322201060697,2.731,3532.0629310967634,4.591681810425792
2016-10-11,510500,sell,3060.4655660221647,6.782,20756.07746876232,26.982900709391014
2016-10-11,510880,sell,7841.322481707674,2.604,20418.803742366785,26.54444486507682
2016-10-11,513100,sell,40365.26757315392,0.3407444144838212,13754.239464697108,17.88051130410624
2016-10-11,513500,sell,17670.551276099617,0.7506508226691042,13264.413852420766,17.243738008146995
2016-10-11,511880,buy,234.22744760122976,102.074,23908.532486447926,31.081092232382304
2016-10-11,511010,buy,211.21171485505735,113.197,23908.532486447926,31.081092232382304
2016-10-24,518880,sell,11394.750230112846,2.76,31449.510635111452,40.88436382564488
2016-10-24,511880,buy,102.62626370991214,102.149,10483.170211703815,13.628121275214959
2016-10-24,511010,buy,92.15406710535453,113.757,10483.170211703815,13.628121275214959
2016-12-01,511880,sell,324.876187641275,102.411,33270.895252530616,43.252163828289795
2016-12-01,511010,sell,286.8411588477389,111.677,32033.56009663894,41.64362812563062
2016-12-01,518880,sell,3157.522490746862,2.64,8335.859375571716,10.83661718824323
2016-12-01,510880,sell,70571.90233536914,2.828,199577.33980442394,259.45054174575114
2016-12-01,513500,sell,20207.982421842007,0.855345521023766,17284.80725344956,22.470249429484426
2016-12-01,510500,buy,14763.370660912946,6.931,102324.92205078763,133.02239866602392
2016-12-01,512120,buy,210266.12969960627,0.4413614262560777,92803.35889756365,120.64436656683274
2016-12-01,513100,buy,367724.70913880557,0.34563174114021566,127097.33147992475,165.22653092390217
2016-12-20,510500,sell,4230.75607551124,6.578,27829.91346471294,36.17888750412682
2016-12-20,513100,sell,73101.21172971904,0.355015408320493,25952.05653094902,33.737673490233725
2016-12-20,513500,sell,13882.697906305464,0.9641060329067642,13384.392804491203,17.399710645838564
2016-12-20,512120,sell,21026.61296996064,0.4279286871961102,8997.89088441596,11.697258149740748
2016-12-20,511880,buy,239.39817925052628,102.525,24544.29832766021,31.90758782595827
2016-12-20,511010,buy,224.80169192412862,109.182,24544.29832766021,31.90758782595827
2016-12-20,518880,buy,973.2251832327946,2.601,2531.3587015884987,3.290766312065048
2017-02-03,511880,sell,186.34762234245653,100.355,18700.915640177227,24.311190332230392
2017-02-03,511010,sell,181.11662224425058,110.827,20072.61189346356,26.094395461502625
2017-02-03,510500,sell,24870.131377456953,6.493,161481.763033828,209.9262919439764
2017-02-03,512120,sell,40455.062911696325,0.42217179902755264,17078.98668920366,22.202682695964757
2017-02-03,513100,buy,106382.5779925524,0.36518104776579347,38848.90129534653,50.50357168395048
2017-02-03,513500,buy,181851.48932692976,0.7348957952468007,133641.89486572915,173.73446332544788
2017-02-03,518880,buy,24148.263365872528,2.674,64572.456240343134,83.94419311244607
2017-02-06,518880,sell,2148.8496833934746,2.701,5804.042994845775,7.545255893299507
2017-02-06,510500,sell,1320.667330214421,6.549,8649.050345574244,11.243765449246517
2017-02-06,513100,sell,76429.34835600237,0.36635400616332814,28000.19795867405,36.40025734627626
2017-02-06,513500,sell,30679.577048367908,0.7415027422303474,22748.99051183203,29.57368766538164
2017-02-06,512120,sell,14878.445381794929,0.424730415991356,6319.32829631443,8.215126785208758
2017-02-06,511880,buy,237.50758834020914,100.378,23840.536702413512,30.992697713137563
2017-02-06,511010,buy,215.33249065089203,110.715,23840.536702413512,30.992697713137563
2017-04-05,511880,sell,211.44814018712046,100.864,21327.50521183372,27.725756775383832
2017-04-05,511010,sell,189.57263401121023,110.81,21006.543574782205,27.308506647216866
2017-04-05,513100,sell,151760.46891596128,0.38903120184899836,59039.55761554398,76.75142490020717
2017-04-05,513500,sell,93495.88717861676,0.7948665447897624,74316.75279372055,96.6117786318367
2017-04-05,512120,sell,43634.89383980432,0.4586320907617504,20012.362591916477,26.016071369491417
2017-04-05,510500,buy,14270.911736778078,6.859,97884.18360256084,127.24943868332907
2017-04-05,518880,buy,42221.506639172316,2.792,117882.4465365691,153.24718049753983
2017-04-19,518880,sell,6302.461408756735,2.841,17905.292862277885,23.27688072096125
2017-04-19,510500,sell,2615.6917708707856,6.646,17383.88750920724,22.59905376196941
2017-04-19,513100,sell,53610.36662880601,0.38160246533127884,20457.848072866094,26.59520249472592
2017-04-19,513500,sell,18262.030625669413,0.7735210237659964,14126.064625613784,18.36388401329792
2017-04-19,512120,sell,9027.111459635003,0.4551139924365208,4108.364736563955,5.3408741575331415
2017-04-19,511880,buy,244.10522188301456,101.024,24660.485935509663,32.05863171616256
2017-04-19,511010,buy,223.26071861655007,110.456,24660.485935509656,32.05863171616255
2017-06-01,511880,sell,262.35016115775545,101.448,26614.899149131976,34.599368893871564
2017-06-01,511010,sell,266.69833594772956,109.513,29206.934864643707,37.96901532403682
2017-06-01,518880,sell,1972.5992868131545,2.777,5477.90821948013,7.1212806853241695
2017-06-01,510500,sell,9327.939215471612,5.984,55818.38826538212,72.56390474499675
2017-06-01,513100,sell,482493.2996592546,0.4079940292758089,196854.38542655957,255.91070105452744
2017-06-01,510880,buy,82485.03678243891,2.807,231535.49824830602,300.9961477227978
2017-06-01,512120,buy,18035.897810169354,0.45063641274986493,8127.6322898978615,10.56592197686722
2017-06-01,513500,buy,129708.336767573,0.7740292504570384,100398.04668623365,130.51746069210373
2017-08-01,518880,sell,9625.862051540465,2.745,26422.99133147858,34.34988873092215
2017-08-01,510500,sell,51.74655996355684,6.615,342.3034941589285,0.4449945424066071
2017-08-01,510880,sell,16268.034374793364,3.026,49227.072018124716,63.99519362356213
2017-08-01,512120,buy,104254.77931553804,0.45351485683414366,47281.091315561476,61.46541871022992
2017-08-01,513500,buy,22002.152859179656,0.7786032906764169,17130.948618122813,22.270233203559656
2017-08-01,511880,buy,36.10413118405079,102.074,3685.2930864808004,4.79088101242504
2017-08-01,511010,buy,29.936657426899703,109.764,3285.967265806219,4.271757445548085
2017-10-09,511880,sell,85.0959238356642,102.791,8747.095106991757,11.371223639089283
2017-10-09,511010,sell,37.762696284585545,109.85,4148.232186861722,5.392701842920238
2017-10-09,518880,sell,47137.46606816757,2.729,128638.14490002929,167.22958837003807
2017-10-09,513500,sell,316068.76525777753,0.7928336380255941,250589.94902558127,325.76693373325566
2017-10-09,510500,buy,11199.228355749608,7.039,78831.36839612148,102.48077891495792
2017-10-09,510880,buy,50495.24389117134,3.058,154414.45581920195,200.73879256496252
2017-10-09,512880,buy,139903.72032082424,1.112,155572.93699675656,202.24481809578353
2017-10-09,512120,buy,23938.901299970315,0.4784613722312263,11453.839565691684,14.889991435399189
2017-10-09,511260,buy,400.11120023492026,100.136,40065.535146723974,52.085195690741166
2017-11-30,510500,sell,2536.0768518151513,6.596,16727.962914572738,21.74635178894456
2017-11-30,512120,sell,22747.358156239257,0.49157428417071847,11182.016302428266,14.536621193156746
2017-11-30,510880,sell,11671.224629881684,3.093,36099.09778022405,46.928827114291266
2017-11-30,512880,sell,13990.37203208242,1.039,14535.996541333632,18.89679550373372
2017-11-30,511880,buy,245.7112693361247,103.381,25401.876735237907,33.02243975580928
2017-11-30,511010,buy,232.6285703121747,109.195,25401.876735237915,33.02243975580929
2017-11-30,518880,buy,860.0894606047565,2.72,2339.4433328449377,3.041276332698419
2017-11-30,511260,buy,259.67447747171303,97.822,25401.876735237915,33.02243975580929
2017-12-01,511880,sell,187.27399707108205,103.399,19363.944023152813,25.173127230098657
2017-12-01,511010,sell,209.49238584263935,109.325,22902.75508224655,29.773581606920512
2017-12-01,510500,sell,6199.234605156402,6.641,41169.117012843664,53.51985211669676
2017-12-01,510880,sell,35288.676449640596,3.09,109042.01022938945,141.75461329820627
2017-12-01,512880,sell,42951.33353032816,1.036,44497.581537419974,57.846855998645964
2017-12-01,511260,sell,186.8594880085094,97.996,18311.482386881886,23.80492710294645
2017-12-01,512120,buy,111415.54824421728,0.4960518638573743,55267.89036923519,71.84825748000574
2017-12-01,518880,buy,73861.91601593612,2.702,199574.8970750594,259.4473661975772
2018-02-01,511880,sell,49.99399031312349,100.57,5027.895605790829,6.536264287528077
2018-02-01,511010,sell,23.346603159761322,109.868,2565.044595956657,3.3345579747436536
2018-02-01,518880,sell,42512.27847977903,2.729,116016.00797131698,150.82081036271208
2018-02-01,510880,sell,7954.858865531445,3.222,25630.555264742317,33.31972184416501
2018-02-01,511260,sell,64.10458543324529,97.962,6279.813398211576,8.163757417675049
2018-02-01,510500,buy,17920.796708029553,6.306,113008.54404083437,146.91110725308468
2018-02-01,512880,buy,16455.932597113802,1.013,16669.85972087628,21.670817637139162
2018-02-01,512120,buy,51120.79092340082,0.49797082658022684,25456.662511560862,33.09366126502912
2018-02-02,518880,sell,2347.9941584714984,2.731,6412.372046785662,8.33608366082136
2018-02-02,510500,sell,3454.625376920955,6.303,21774.50375073278,28.306854875952613
2018-02-02,512120,sell,36726.25625737716,0.49797082658022684,18288.604185683333,23.77518544138833
2018-02-02,510880,sell,6179.748635376314,3.253,20102.72231087915,26.133539004142897
2018-02-02,512880,sell,9941.794735552743,1.01,10041.21268290827,13.05357648778075
2018-02-02,511880,buy,253.80415979975498,100.628,25539.804992329744,33.20174649002867
2018-02-02,511010,buy,232.3490264949939,109.92,25539.80499232973,33.20174649002865
2018-02-02,511260,buy,260.1642591509425,98.168,25539.804992329722,33.20174649002864
2018-02-22,518880,sell,8435.490862273517,2.704,22809.56729158759,29.652437479063867
2018-02-22,511880,buy,75.4636496897942,100.753,7603.189097195835,9.884145826354585
2018-02-22,511010,buy,68.88881023834455,110.369,7603.189097195849,9.884145826354603
2018-02-22,511260,buy,77.1114512900186,98.6,7603.189097195835,9.884145826354585
2018-03-08,518880,sell,14309.06922967582,2.714,38834.81388934018,50.48525805614223
2018-03-08,510500,sell,4188.616845731506,6.457,27045.89897288833,35.15966866475483
2018-03-08,512120,sell,44529.348006298154,0.5206785521339815,23185.47644738952,30.141119381606373
2018-03-08,510880,sell,7492.73695765936,3.084,23107.600777421467,30.039881010647907
2018-03-08,511880,buy,370.55172943746715,100.907,37391.26336234649,48.608642371050436
2018-03-08,511010,buy,336.9492958668695,110.97,37391.26336234651,48.60864237105046
2018-03-08,511260,buy,377.4150452433228,99.072,37391.26336234648,48.60864237105042
2018-04-02,511880,sell,566.1885704287555,101.178,57285.82717884062,74.4715753324928
2018-04-02,518880,sell,91905.53084337407,2.696,247777.31115373652,322.1105044998575
2018-04-02,510500,sell,26903.011546557074,6.424,172824.94617508264,224.67243002760742
2018-04-02,512120,sell,286006.9583100963,0.5389086980010804,154131.63752214328,200.37112877878627
2018-04-02,510880,sell,48125.000760727475,2.905,139803.1272099133,181.7440653728873
2018-04-02,512880,sell,89476.15261997472,0.9,80528.53735797724,104.6870985653704
2018-04-02,511260,sell,584.1502949075156,99.769,58280.09077262792,75.76411800441629
2018-04-02,511010,buy,8186.24573491133,111.194,910261.4082477305,1183.3398307220496
2018-06-01,511880,sell,57.82544567265225,101.8,5886.630369475999,7.652619480318799
2018-06-01,511260,sell,64.88913596291574,101.704,6599.484683972383,8.579330089164097
2018-06-01,511010,buy,99.91137724240754,112.189,11208.957501448458,14.571644751882994
2018-08-01,511010,sell,112.4505962975447,113.71,12786.757304993807,16.62278449649195
2018-08-01,511880,buy,62.42631695771712,102.44,6394.951909148542,8.313437481893104
2018-08-01,511260,buy,60.63119175248679,102.698,6226.702130596888,8.094712769775954
2018-10-08,511880,sell,1.7282787544020284,103.018,178.04382072098815,0.2314569669372846
2018-10-08,511010,sell,1.3535832768416425,114.0,154.30849355994724,0.2006010416279314
2018-10-08,511260,buy,2.80977493997272,102.407,287.7406222777863,0.3740628089611222
2018-12-03,511010,sell,8691.622183777808,114.84,998145.8915850435,1297.5896590605564
2018-12-03,511880,buy,2.3091424032380443,103.379,238.7168325043458,0.3103318822556495
2018-12-03,511260,buy,9526.864553812007,104.737,997815.2127726082,1297.1597766043906
2019-02-01,511010,sell,2.0183040047237424,116.83,235.7984568718748,0.3065379939334372
2019-02-01,511260,sell,32.98770724136171,106.456,3511.7393620864023,4.565261170712323
2019-02-01,511880,buy,22.855654061396628,100.456,2295.9875843916598,2.9847838597091574
2019-04-01,511880,sell,152.7467506137298,100.791,15395.49774110844,20.014147063440973
2019-04-01,511010,sell,129.89768676360097,116.739,15164.126055096014,19.713363871624818
2019-04-01,511260,sell,9647.491831584004,106.782,1030178.4727602031,1339.2320145882638
2019-04-01,159915,buy,80959.15616342999,1.694,137144.8105408504,178.2882537031055
2019-04-01,512880,buy,97294.48363801249,1.088,105856.39819815759,137.61331765760485
2019-04-01,512660,buy,134553.41150446815,0.86,115715.93389384261,150.4307140619954
2019-04-01,513100,buy,737850.3819024633,0.5090639445300461,375613.0258842689,488.2969336495496
2019-04-01,518880,buy,117062.0386604686,2.788,326368.96378538647,424.27965292100237
2019-05-06,159915,sell,8095.915616342997,1.424,11528.583837672428,14.987158988974155
2019-05-06,512880,sell,9729.448363801255,0.905,8805.150769240136,11.446696000012176
2019-05-06,512660,sell,13455.341150446806,0.701,9432.194146463211,12.261852390402174
2019-05-06,513100,sell,73785.03819024631,0.5331095916795068,39335.511581659026,51.136165056156734
2019-05-06,518880,sell,2594.4183546877784,2.793,7246.210464642965,9.420073604035855
2019-05-06,511880,buy,251.8228471524433,101.06,25449.216933225922,33.0839820131937
2019-05-06,511010,buy,219.20083491150672,116.1,25449.21693322593,33.083982013193705
2019-05-06,511260,buy,242.16592381031415,105.09,25449.216933225915,33.08398201319369
2019-05-17,513100,sell,108437.45995931159,0.5295907164869028,57427.472113871656,74.65571374803315
2019-05-17,518880,sell,18691.802111156354,2.854,53346.40322524024,69.35032419281231
2019-05-17,511880,buy,365.0481968664093,101.15,36924.6251130373,48.00201264694849
2019-05-17,511010,buy,316.7239229822298,116.583,36924.6251130373,48.00201264694849
2019-05-17,511260,buy,348.3652387214116,105.994,36924.6251130373,48.00201264694849
2019-05-31,513100,sell,69206.50107500773,0.503003659476117,34811.123300266714,45.25446029034673
2019-05-31,518880,sell,11929.4035786615,2.878,34332.8234993878,44.632670549204136
2019-05-31,511880,buy,227.66362364107502,101.237,23047.98226655151,29.96237694651696
2019-05-31,511010,buy,197.0654114927965,116.956,23047.98226655151,29.96237694651696
2019-05-31,511260,buy,217.60418314861172,105.917,23047.98226655151,29.96237694651696
2019-06-03,511880,sell,778.3387432968943,101.244,78802.12772635077,102.44276604425599
2019-06-03,511010,sell,674.9024192924117,116.996,78960.88344753499,102.64914848179548
2019-06-03,511260,sell,740.8201283557102,106.114,78611.38710033783,102.19480323043918
2019-06-03,159915,sell,72863.24054708699,1.411,102810.03241193974,133.65304213552164
2019-06-03,512880,sell,4822.514135271547,0.899,4335.440207609121,5.636072269891857
2019-06-03,512660,sell,10985.367266054554,0.732,8041.288838751934,10.453675490377513
2019-06-03,512800,buy,287704.3282997842,0.5136601012943162,147782.23441728036,192.11690474246444
2019-06-03,513100,buy,32058.984209898576,0.49616140215716475,15906.430557317683,20.678359724512987
2019-06-03,518880,buy,64054.80429117482,2.914,186655.69970448344,242.65240961582847
2019-08-01,512880,sell,82742.52113893969,0.951,78688.13760313163,102.29457888407111
2019-08-01,512660,sell,110112.70308796679,0.772,85007.00678391036,110.50910881908347
2019-08-01,513100,sell,518480.3668877961,0.5499219953775037,285123.75792299706,370.66088529989617
2019-08-01,512800,sell,287704.3282997842,0.543845807540799,156466.7927571793,203.40683058433308
2019-08-01,518880,buy,185399.30527197418,3.112,576962.6380063837,750.0514294082988
2019-08-01,511880,buy,90.31768053943355,101.631,9179.076190903172,11.932799048174122
2019-08-01,511010,buy,76.86194484029546,117.756,9050.955176613832,11.766241729597981
2019-08-01,511260,buy,82.90896037271695,107.17,8885.353283144075,11.550959268087297
2019-08-15,518880,sell,126639.22853361421,3.414,432346.3262137589,562.0502240778866
2019-08-15,511880,buy,1416.8692812322097,101.714,144115.44207125297,187.35007469262885
2019-08-15,511010,buy,1215.8972889598313,118.526,144115.44207125297,187.35007469262885
2019-08-15,511260,buy,1327.445443981108,108.566,144115.44207125297,187.35007469262885
2019-08-29,518880,sell,78284.24542142898,3.565,279083.3349273943,362.8083354056126
2019-08-29,511880,buy,913.7480803183557,101.809,93027.77830913148,120.93611180187092
2019-08-29,511010,buy,786.5712210123569,118.27,93027.77830913145,120.93611180187088
2019-08-29,511260,buy,859.5219372194122,108.232,93027.77830913142,120.93611180187084
2019-09-12,518880,sell,46850.21941324215,3.404,159478.1468826763,207.32159094747917
2019-09-12,511880,buy,521.579496607392,101.92,53159.38229422539,69.10719698249301
2019-09-12,511010,buy,449.7447719035309,118.199,53159.38229422545,69.10719698249308
2019-09-12,511260,buy,492.22106032672013,107.999,53159.38229422545,69.10719698249308
2019-10-08,511880,sell,2915.901048611808,102.094,297696.0016569739,387.00480215406606
2019-10-08,511010,sell,2507.407520346702,118.351,296754.1874405525,385.78044367271826
2019-10-08,511260,sell,2739.074457692974,107.539,294557.32810584473,382.9245265375981
2019-10-08,518880,buy,261360.89057197943,3.39,886013.4190390103,1151.8174447507133
2019-11-19,518880,sell,14884.682508522226,3.29,48970.60545303812,63.66178708894956
2019-11-19,511880,buy,159.50765755311087,102.337,16323.535151012708,21.22059569631652
2019-11-19,511010,buy,137.52504445016808,118.695,16323.5351510127,21.220595696316508
2019-11-19,511260,buy,151.78894701567503,107.541,16323.535151012708,21.22059569631652
2019-12-02,511880,sell,113.163140604994,102.423,11590.5083501853,15.06766085524089
2019-12-02,511010,sell,98.34538027698379,118.934,11696.609457862789,15.205592295221624
2019-12-02,511260,sell,106.8540545987263,107.691,11507.219993791434,14.959385991928864
2019-12-02,518880,sell,188999.8898912115,3.269,617840.6400543704,803.1928320706814
2019-12-02,159915,buy,62537.33476146334,1.606,100434.95962691013,130.56544751498316
2019-12-02,512880,buy,145495.51903916753,0.904,131527.94921140745,170.98633397482968
2019-12-02,512800,buy,278600.8291524046,0.5488767585818796,152917.52004339587,198.79277605641462
2019-12-02,513100,buy,437673.0172805803,0.6099383667180277,266953.56531666825,347.0396349116687
2019-12-11,518880,sell,5439.148135785228,3.282,17851.28418164712,23.206669436141254
2019-12-11,159915,sell,6253.733476146321,1.653,10337.421436069868,13.438647866890827
2019-12-11,512880,sell,14549.551903916738,0.924,13443.785959219065,17.476921746984782
2019-12-11,512800,sell,27860.08291524044,0.5549138998311761,15459.947260115994,20.09793143815079
2019-12-11,513100,sell,43767.301728058024,0.598990755007704,26216.209106739465,34.081071838761304
2019-12-11,511880,buy,271.0070394132527,102.468,27769.549314597178,36.10041410897633
2019-12-11,511010,buy,233.83702141026305,118.756,27769.5493145972,36.10041410897636
2019-12-11,511260,buy,257.72681919476184,107.748,27769.5493145972,36.10041410897636
2020-02-03,511880,sell,195.38065809692188,100.353,19607.0351820004,25.48914573660052
2020-02-03,511010,sell,195.2127329104679,122.597,23932.49541662463,31.11224404161202
2020-02-03,511260,sell,214.7015242333822,110.935,23817.913590830256,30.96328766807933
2020-02-03,518880,sell,133564.00084728713,3.52,470145.2829824507,611.1888678771859
2020-02-03,513100,sell,14569.596526562327,0.645713597842835,9407.786592285032,12.230122569970542
2020-02-03,159915,buy,55294.128513741714,1.708,94442.37150147084,122.7750829519121
2020-02-03,512880,buy,48591.43814953301,0.895,43489.33714383205,56.53613828698166
2020-02-03,512120,buy,446486.0968706989,0.4954122096164235,221194.66381372546,287.5530629578431
2020-02-03,512800,buy,370118.54632883036,0.5035981992121552,186391.0334262196,242.30834345408547
2020-02-04,159915,sell,11157.772979905878,1.816,20262.515731509076,26.341270450961797
2020-02-04,512880,sell,17953.740528478385,0.892,16014.736551402719,20.819157516823534
2020-02-04,512800,sell,62085.92925659945,0.5181879572312886,32172.180854283564,41.82383511056863
2020-02-04,513100,sell,37933.61190259596,0.6689772727272726,25376.724235293455,32.98974150588149
2020-02-04,512120,sell,44648.60968706992,0.5130027012425715,22904.857376192114,29.776314589049747
2020-02-04,511880,buy,290.7749316192404,100.362,29182.753687170203,37.93757979332126
2020-02-04,511010,buy,240.51191474228762,121.336,29182.75368717021,37.93757979332127
2020-02-04,511260,buy,263.27532759411986,110.845,29182.753687170218,37.937579793321284
2020-02-04,518880,buy,8357.031410988035,3.492,29182.753687170218,37.937579793321284
2020-02-17,159915,sell,29155.186798358263,2.071,60380.39185939997,78.49450941721996
2020-02-17,512880,sell,46913.00493205218,1.004,47100.65695178039,61.2308540373145
2020-02-17,512800,sell,162230.12139480578,0.5352931907709623,86840.67932058615,112.89288311676198
2020-02-17,513100,sell,99120.27632649889,0.7772804314329737,77044.25114681662,100.1575264908616
2020-02-17,512120,sell,116666.521003593,0.5465845488924905,63768.117753605155,82.89855307968669
2020-02-17,511880,buy,1112.286334084036,100.434,111711.36567739607,145.2247753806149
2020-02-17,511010,buy,921.9695762622855,121.166,111711.36567739608,145.22477538061491
2020-02-17,511260,buy,1006.4449680834995,110.996,111711.3656773961,145.22477538061491
2020-03-02,159915,sell,29812.81238479152,2.054,61235.516638361776,79.6061716298703
2020-03-02,512880,sell,47971.1765909463,1.036,49698.13894822037,64.60758063268648
2020-03-02,512800,sell,165889.39065132814,0.522212718064153,86629.54959003617,112.61841446704702
2020-03-02,513100,sell,101356.03733525053,0.6922409476117102,70162.7993311217,91.21163913045821
2020-03-02,512120,sell,119298.05582526105,0.5337914640734738,63680.2838800851,82.78436904411063
2020-03-02,511880,buy,1098.481209127845,100.565,110468.76279594173,143.60939163472423
2020-03-02,511010,buy,907.3484200768933,121.749,110468.76279594167,143.60939163472418
2020-03-02,511260,buy,988.8887547752369,111.71,110468.7627959417,143.6093916347242
2020-03-16,159915,sell,17257.595780699157,1.832,31615.915470240856,41.100690111313114
2020-03-16,512800,sell,96027.57402476882,0.49403939223410237,47441.40430891207,61.67382560158568
2020-03-16,513100,sell,58671.469826090884,0.589411594761171,34581.64459717815,44.9561379763316
2020-03-16,512120,sell,69057.47764695609,0.49285359265262013,34035.22595783032,44.24579374517941
2020-03-16,511880,buy,489.1023728564048,100.643,49224.73011138715,63.99214914480329
2020-03-16,511010,buy,403.25993193399603,122.067,49224.73011138709,63.992149144803214
2020-03-16,511260,buy,437.9853020436795,112.389,49224.73011138709,63.992149144803214
2020-04-01,511880,sell,3023.3794947512647,100.718,304508.7359523579,395.86135673806524
2020-04-01,511010,sell,2586.1707541346445,123.425,319198.1253290685,414.95756292778907
2020-04-01,511260,sell,2733.90383393487,112.97,308849.11611962225,401.50385095550894
2020-04-01,159915,sell,24194.361855303912,1.792,43356.29644470461,56.36318537811599
2020-04-01,512880,sell,66699.48323330695,0.922,61496.92354110901,79.94600060344172
2020-04-01,512800,sell,134626.2772384924,0.4854867754642656,65359.277229273925,84.96706039805609
2020-04-01,513100,sell,82254.72363552367,0.5993817411402156,49301.97946966742,64.09257331056764
2020-04-01,512120,sell,96815.43270781888,0.5254759589411129,50874.18234243991,66.13643704517189
2020-04-01,518880,buy,340197.2002868471,3.528,1200215.7226119966,1560.2804393955955
2020-04-16,518880,sell,46200.94463580136,3.73,172329.52349153906,224.02838053900078
2020-04-16,511880,buy,569.9236489089275,100.791,57443.17449717971,74.67612684633362
2020-04-16,511010,buy,459.68146169009765,124.963,57443.17449717967,74.67612684633357
2020-04-16,511260,buy,504.43175089947675,113.877,57443.17449717971,74.67612684633362
2020-04-30,518880,sell,32243.618506617906,3.746,120784.59492579068,157.01997340352787
2020-04-30,511880,buy,399.2417238527467,100.845,40261.53164193024,52.33999113450931
2020-04-30,511010,buy,318.43660095646163,126.435,40261.531641930225,52.33999113450929
2020-04-30,511260,buy,351.626026339772,114.501,40261.53164193024,52.33999113450931
2020-05-19,518880,sell,56610.844875271534,3.865,218800.91544292448,284.4411900758018
2020-05-19,511880,buy,722.6661760052198,100.923,72933.6384809748,94.81373002526723
2020-05-19,511010,buy,583.88950829377,124.91,72933.6384809748,94.81373002526723
2020-05-19,511260,buy,646.6665349781422,112.784,72933.6384809748,94.81373002526723
2020-06-01,511880,sell,1703.0390368156527,100.966,171949.0393911292,223.53375120846795
2020-06-01,511010,sell,1286.330413765518,123.721,159146.08512148366,206.88991065792874
2020-06-01,511260,sell,1508.8325146117018,112.401,169594.28347486988,220.47256851733084
2020-06-01,518880,buy,127697.46137764302,3.895,497381.61206591956,646.5960956856954
2020-08-03,511880,sell,24.079107472103885,101.243,2437.8410777982135,3.1691934011376772
2020-08-03,511010,sell,10.716515912792067,121.656,1303.7284598866318,1.6948469978526213
2020-08-03,511260,sell,11.414750709050892,110.442,1260.6678978089985,1.638868267151698
2020-08-03,518880,sell,238871.40479442125,4.2,1003259.9001365693,1304.2378701775401
2020-08-03,159915,buy,75992.30173288313,2.774,210802.64500701783,274.0434385091232
2020-08-03,512170,buy,263847.28976892383,0.7273946957878313,191921.11907591013,249.49745479868315
2020-08-03,512690,buy,248904.9324015046,0.6664698048491542,165887.6217236227,215.65390824070948
2020-08-03,513100,buy,571824.1339832944,0.7659418335901386,437984.02567425754,569.3792333765348
2020-08-12,518880,sell,1577.0942051266338,3.989,6291.028784250142,8.178337419525183
2020-08-12,159915,sell,7599.230173288308,2.548,19362.83848153861,25.171690026000192
2020-08-12,512170,sell,26384.72897689238,0.6737971918876755,17777.956293347466,23.111343181351707
2020-08-12,512690,sell,24890.49324015045,0.6285375450398684,15644.609515995602,20.337992370794282
2020-08-12,513100,sell,57182.413398329474,0.7782578967642525,44502.66478328791,57.85346421827428
2020-08-12,511880,buy,340.8462915890711,101.296,34526.36595280655,44.88427573864851
2020-08-12,511010,buy,284.9509429444445,121.166,34526.36595280656,44.884275738648526
2020-08-12,511260,buy,312.98263096983663,110.314,34526.365952806555,44.88427573864852
2020-08-17,518880,sell,27067.03510220749,4.129,111759.78793701471,145.28772431811913
2020-08-17,159915,sell,18374.574182515702,2.607,47902.51489381844,62.273269361963976
2020-08-17,512170,sell,63797.00954125675,0.6820920436817471,43515.43261877974,56.57006240441366
2020-08-17,512690,sell,60184.019177122296,0.6721596438205472,40453.268893783505,52.58924956191856
2020-08-17,513100,sell,138264.33375003657,0.7942883281972263,109821.74650361988,142.76827045470586
2020-08-17,511880,buy,1162.9987030815073,101.305,117817.5836156721,153.16285870037373
2020-08-17,511010,buy,970.2590288619035,121.429,117817.58361567209,153.1628587003737
2020-08-17,511260,buy,1064.04623679779,110.726,117817.58361567209,153.1628587003737
2020-08-31,518880,sell,25249.68948484332,4.123,104104.46974600901,135.3358106698117
2020-08-31,159915,sell,17140.86122742354,2.637,45200.45105671587,58.76058637373063
2020-08-31,512170,sell,59513.52539705925,0.7124001560062402,42397.44477734635,55.11667821055025
2020-08-31,512690,sell,56143.11986643333,0.7635763899609262,42869.56078875472,55.730429025381135
2020-08-31,513100,sell,128980.93495775768,0.9888039291217255,127536.85526802452,165.79791184843188
2020-08-31,511880,buy,1190.6577283579136,101.375,120702.92721228348,156.9138053759685
2020-08-31,511010,buy,1001.7838059581328,120.488,120702.92721228351,156.91380537596856
2020-08-31,511260,buy,1100.059487553165,109.724,120702.92721228348,156.9138053759685
2020-09-14,518880,sell,16391.564274629836,4.086,66975.93162613752,87.06871111397878
2020-09-14,513100,sell,83731.6944761253,0.9098247303543912,76181.16634885696,99.03551625351405
2020-09-14,511880,buy,470.2911553345571,101.467,47719.0326583315,62.03474245583095
2020-09-14,511010,buy,396.02500235139587,120.495,47719.032658331445,62.03474245583087
2020-09-14,511260,buy,434.61144346686615,109.797,47719.0326583315,62.03474245583095
2020-10-09,511880,sell,3169.00465786143,101.624,322046.92935050995,418.6610081556629
2020-10-09,511010,sell,2650.484926072229,120.523,319444.39474500326,415.2777131685042
2020-10-09,511260,sell,2911.8157443619452,110.04,320416.2045095885,416.541065862465
2020-10-09,518880,sell,32039.497196558794,3.971,127228.84336753497,165.39749637779545
2020-10-09,512170,sell,114152.02585371546,0.686239469578783,78335.62567319722,101.8363133751564
2020-10-09,159915,buy,114662.09369162798,2.581,295942.8638180918,384.72572296351933
2020-10-09,512880,buy,246932.57088966577,1.228,303233.1970525096,394.20315616826247
2020-10-09,512660,buy,211380.99333779857,1.109,234421.5216116186,304.7479780951042
2020-10-09,512690,buy,349138.33800780156,0.702126129069883,245139.14977531013,318.6808947079032
2020-10-09,513100,buy,88111.15571342695,0.9078697996918335,79993.45728816488,103.99149447461434
2020-10-23,159915,sell,45348.299460093556,2.516,114096.32144159538,148.32521787407399
2020-10-23,512690,sell,140411.43942078276,0.7457482278505619,104711.58211799528,136.12505675339386
2020-10-23,513100,sell,77386.6775887154,0.8814782357473034,68214.67203124624,88.67907364062012
2020-10-23,512880,sell,75898.01189958531,1.215,92216.08445799616,119.880909795395
2020-10-23,512660,sell,64970.76141027544,1.058,68739.06557207141,89.36078524369283
2020-10-23,511880,buy,1468.5579408381184,101.682,149325.90854030155,194.123681102392
2020-10-23,511010,buy,1235.9063137010462,120.823,149325.9085403015,194.12368110239194
2020-10-23,511260,buy,1358.0514800493065,109.956,149325.90854030155,194.123681102392
2020-10-23,159915,sell,10219.143038119004,2.516,25711.363883907412,33.42477304907963
2020-10-23,512690,sell,31641.419870481743,0.7457482278505619,23596.532795087318,30.675492633613512
2020-10-23,513100,sell,17438.923552575685,0.8814782357473034,15372.031566456513,19.983641036393465
2020-10-23,512880,sell,17103.455899008037,1.215,20780.698917294765,27.014908592483195
2020-10-23,512660,sell,14641.023192752304,1.058,15490.202537931938,20.13726329931152
2020-10-23,511880,buy,248.20231137437767,101.682,25237.707425169472,32.80901965272031
2020-10-23,511010,buy,208.88164856997014,120.823,25237.7074251695,32.80901965272035
2020-10-23,511260,buy,229.52551407080534,109.956,25237.707425169472,32.80901965272031
2020-10-23,518880,buy,6379.602483612105,3.956,25237.707425169487,32.80901965272033
2020-11-06,159915,sell,25548.183500909185,2.637,67370.55989189752,87.58172785946677
2020-11-06,512690,sell,79104.55877415497,0.7954394882007265,62922.88974565812,81.79975666935555
2020-11-06,513100,sell,43597.865037960975,0.8763954160246531,38208.96906773049,49.67165978804963
2020-11-06,512880,sell,42759.18520541574,1.19,50883.43039444473,66.14845951277815
2020-11-06,512660,sell,36603.024908667256,1.057,38689.39732846129,50.29621652699967
2020-11-06,511880,buy,845.040099633897,101.8,86025.08214273071,111.83260678554991
2020-11-06,511010,buy,711.4449877826817,120.916,86025.08214273074,111.83260678554996
2020-11-06,511260,buy,780.2091633583717,110.259,86025.08214273071,111.83260678554991
2020-11-20,159915,sell,20262.568544231002,2.576,52196.376569939064,67.85528954092078
2020-11-20,512690,sell,62738.76748479685,0.8515792327184698,53427.031476405784,69.45514091932752
2020-11-20,512880,sell,33912.81893248384,1.189,40322.34171072328,52.41904422394026
2020-11-20,511880,buy,477.64932010167934,101.85,48648.58325235604,63.243158228062846
2020-11-20,511010,buy,404.23594482916934,120.347,48648.58325235604,63.243158228062846
2020-11-20,511260,buy,444.49038129848003,109.448,48648.58325235604,63.243158228062846
2020-12-01,511880,sell,3051.113094206067,101.912,310945.03765672876,404.22854895374735
2020-12-01,511010,sell,2569.304437047255,120.599,309855.5458034619,402.8122095445005
2020-12-01,511260,sell,2819.685014191723,109.61,309065.6744055548,401.7853767272212
2020-12-01,518880,sell,6379.602483612105,3.653,23304.68787263502,30.296094234425524
2020-12-01,159915,buy,73538.11377185583,2.602,191346.17203436885,248.7500236446795
2020-12-01,512880,buy,131242.60909954397,1.268,166415.62833822175,216.34031683968826
2020-12-01,512660,buy,102664.04500363734,1.15,118063.65175418292,153.4827472804378
2020-12-01,512690,buy,54480.05273273288,0.8223713926653196,44802.83683829759,58.24368788978686
2020-12-01,513100,buy,510335.7458608198,0.8531317411402155,435383.6234323317,565.9987104620312
2021-01-13,159915,sell,43716.65241173358,3.025,132242.87354549408,171.9157356091423
2021-01-13,512690,sell,72097.81142545992,1.069689726621864,77122.28819373492,100.25897465185538
2021-01-13,513100,sell,227783.1234231149,0.836905816640986,190633.02092545648,247.82292720309343
2021-01-13,512880,sell,76148.9007614316,1.253,95414.5726540738,124.03894445029593
2021-01-13,512660,sell,72251.46788226013,1.384,99996.031549048,129.9948410137624
2021-01-13,511880,buy,1980.5368288853654,100.21,198469.59562260244,258.01047430938314
2021-01-13,511010,buy,1630.0466964741445,121.757,198469.5956226024,258.01047430938314
2021-01-13,511260,buy,1792.568467842649,110.718,198469.5956226024,258.01047430938314
2021-01-27,159915,sell,30602.535387292028,3.166,96887.62703616655,125.95391514701652
2021-01-27,512690,sell,50469.91715453839,1.0120326917117495,51077.206108376486,66.40036794088942
2021-01-27,513100,sell,159452.76480760067,0.8822602080123265,140678.82944729435,182.88247828148266
2021-01-27,512880,sell,53305.761116092035,1.174,62580.96355029204,81.35525261537965
2021-01-27,512660,sell,50577.479762773495,1.245,62968.962304653,81.8596509960489
2021-01-27,511880,buy,1376.8040116301595,100.279,138064.52948226075,179.48388832693897
2021-01-27,511010,buy,1136.5206575754103,121.48,138064.52948226084,179.48388832693908
2021-01-27,511260,buy,1249.0797271607644,110.533,138064.52948226078,179.48388832693902
2021-02-01,511880,sell,3358.9548323857994,100.314,336950.19505594904,438.0352535727337
2021-02-01,511010,sell,2778.453443490875,121.529,337662.66853400256,438.9614690942033
2021-02-01,511260,sell,3055.42945287995,110.615,337976.3289303157,439.36922760941036
2021-02-01,512880,sell,79047.04617519319,1.151,90983.15014764736,118.27809519194157
2021-02-01,159915,buy,29221.483140458535,3.056,89300.85247724128,116.09110822041366
2021-02-01,512170,buy,238481.970320182,0.8396942277691107,200251.93390486122,260.3275140763196
2021-02-01,512660,buy,54314.60468116483,1.183,64254.17733781799,83.53043053916339
2021-02-01,512690,buy,103157.07803709252,1.0120326917117495,104398.33535499773,135.71783596149706
2021-02-01,513100,buy,177079.3167607141,0.8425751155624035,149202.62578337014,193.96341351838117
2021-02-22,159915,sell,29445.89909464484,3.032,89279.96605496315,116.0639558714521
2021-02-22,512690,sell,70257.36872872285,1.0234123696545352,71902.2602163547,93.47293828126111
2021-02-22,513100,sell,163223.7670226208,0.8771773882896763,143176.1976637051,186.1290569628166
2021-02-22,512660,sell,51041.86702630247,1.141,58238.77027701112,75.71040136011446
2021-02-22,512170,sell,94130.46924396332,0.8310803432137285,78229.98268614235,101.69897749198505
2021-02-22,511880,buy,1462.637285986942,100.464,146942.39229939214,191.02510998920977
2021-02-22,511010,buy,1210.209211897579,121.419,146942.39229939214,191.02510998920977
2021-02-22,511260,buy,1331.4823513899253,110.36,146942.39229939214,191.02510998920977
2021-02-25,159915,sell,4515.604531657479,2.878,12995.909842110224,16.89468279474329
2021-02-25,512690,sell,10774.1486036488,0.9490651404283346,10225.368857517693,13.292979514773
2021-02-25,513100,sell,25030.785430341773,0.8644703389830506,21638.371565979556,28.12988303577342
2021-02-25,512660,sell,7827.401883956965,1.199,9385.054858864401,12.200571316523721
2021-02-25,512170,sell,14435.150107621868,0.818,11807.952788034687,15.350338624445092
2021-02-25,511880,buy,164.31499923506794,100.497,16513.164478126622,21.46711382156461
2021-02-25,511010,buy,135.62505731238397,121.756,16513.164478126622,21.46711382156461
2021-02-25,511260,buy,149.37821791947832,110.546,16513.16447812665,21.467113821564645
2021-02-25,518880,buy,4499.499857800173,3.67,16513.164478126637,21.467113821564627
2021-03-08,159915,sell,13222.372607110532,2.633,34814.50707452203,45.25885919687864
2021-03-08,513100,sell,73293.92316982412,0.8189204545454544,60021.892877651975,78.02846074094757
2021-03-08,511880,buy,314.392176204787,100.55,31612.13331739133,41.09577331260873
2021-03-08,511010,buy,259.1370876087496,121.99,31612.13331739136,41.09577331260876
2021-03-08,511260,buy,285.4935817263143,110.728,31612.13331739133,41.09577331260873
2021-04-01,511880,sell,1871.4431688108095,100.69,188435.6126675604,244.9662964678285
2021-04-01,511010,sell,1546.9255512388042,121.9,188570.22469601023,245.1412921048133
2021-04-01,511260,sell,1701.8975304944531,110.815,188595.77484174282,245.17450729426565
2021-04-01,512660,sell,70446.61695561267,1.05,73968.94780339331,96.1596321444113
2021-04-01,512170,sell,129916.3509685968,0.779,101204.83740453691,131.56628862589798
2021-04-01,518880,sell,4499.499857800173,3.565,16040.716993057616,20.8529320909749
2021-04-01,159915,buy,55636.16507688374,2.718,151219.09667897,196.584825682661
2021-04-01,512690,buy,78360.97273910709,0.9232712037580202,72348.42962848481,94.05295851703025
2021-04-01,513100,buy,215368.80368085235,0.8660342835130969,186516.76758681977,242.47179786286569
2021-04-01,513520,buy,249170.23190421154,1.285,320183.7479969118,416.2388723959853
2021-04-01,513500,buy,411583.3968108276,1.2568446069469834,517296.3725906089,672.4852843677916
2021-04-02,159915,sell,8305.423325469044,2.756,22889.746684992686,29.75667069049049
2021-04-02,512690,sell,17532.831017194618,0.9649966895482347,16919.123890001414,21.994861057001838
2021-04-02,513100,sell,36735.19493841038,0.87561344375963,32165.830547202844,41.815579711363696
2021-04-02,513520,sell,24917.023190421154,1.31,32641.300379451714,42.43369049328722
2021-04-02,513500,sell,41158.33968108271,1.2690420475319926,52231.66366189846,67.901162760468
2021-04-02,511880,buy,389.36247657471904,100.708,39211.9162908868,50.97549117815284
2021-04-02,511010,buy,321.19326592689174,122.082,39211.916290886795,50.97549117815283
2021-04-02,511260,buy,353.83109961908644,110.821,39211.91629088678,50.975491178152815
2021-04-02,518880,buy,10856.012262150276,3.612,39211.916290886795,50.97549117815283
2021-06-01,511880,sell,399.25694295135037,101.017,40331.73860611656,52.43126018795152
2021-06-01,511010,sell,332.4688934326943,123.071,40917.27918365512,53.19246293875165
2021-06-01,511260,sell,369.20476880435416,112.5,41535.536490489845,53.996197437636795
2021-06-01,159915,sell,6980.261945544436,3.188,22253.075082395662,28.92899760711436
2021-06-01,512690,sell,157795.47915475164,1.0882690854119426,171723.9417818808,223.24112431644502
2021-06-01,513520,sell,224253.2087137904,1.237,277401.21917895874,360.62158493264633
2021-06-01,518880,sell,10856.012262150276,3.853,41828.21524606502,54.37667981988452
2021-06-01,512800,buy,299133.4975299111,0.6409431626336523,191727.56995648702,249.2458409434331
2021-06-01,513100,buy,210703.83999659866,0.8763954160246531,184659.879511811,240.0578433653543
2021-06-01,513500,buy,7279.888072823365,1.2878464351005483,9375.377902516571,12.187991273271543
2021-06-01,513090,buy,191309.94438011464,1.298,248320.30780538882,322.8164001470054
2021-06-11,159915,sell,6776.854798367696,3.195,21652.05108078479,28.147666405020225
2021-06-11,513100,sell,54132.059444229235,0.8920348613251153,48287.684139575926,62.7739893814487
2021-06-11,513500,sell,37770.49452025682,1.2995356489945156,49084.10410922574,63.80933534199345
2021-06-11,512800,sell,29913.349752991082,0.6283657850309511,18796.525500443648,24.43548315057674
2021-06-11,513090,sell,19130.99443801147,1.252,23952.005036390357,31.137606547307463
2021-06-11,511880,buy,400.0899487224131,101.085,40443.09246660513,52.57602020658666
2021-06-11,511010,buy,329.5773230540217,122.712,40443.092466605114,52.57602020658665
2021-06-11,511260,buy,360.21458442756705,112.275,40443.09246660509,52.57602020658662
2021-06-11,518880,buy,10656.941361424273,3.795,40443.092466605114,52.57602020658665
2021-08-02,511880,sell,123.02281167520408,101.374,12471.314510762139,16.21270886399078
2021-08-02,511010,sell,111.69144058592777,125.17,13980.417618140578,18.17454290358275
2021-08-02,159915,sell,60991.6931853093,3.393,206944.81497775443,269.02825947108073
2021-08-02,513100,sell,487188.53499806335,0.973555469953775,474305.0631461307,616.5965820899698
2021-08-02,513500,sell,339934.45068231144,1.3742449725776966,467153.20985612745,607.2991728129657
2021-08-02,512800,sell,269220.14777692,0.5614541361845807,151154.76551357578,196.50119516764852
2021-08-02,513090,sell,172178.94994210318,1.248,214879.32952774476,279.3431283860682
2021-08-02,518880,sell,10656.941361424273,3.68,39217.54421004133,50.982807473053725
2021-08-02,511260,buy,13743.508326246887,114.851,1578455.6747777811,2051.9923772111156
2021-10-08,511880,sell,166.4496197619349,101.773,16940.0771520314,22.02210029764082
2021-10-08,511010,sell,132.45111906482833,125.148,16575.992648725136,21.548790443342675
2021-10-08,511260,buy,274.63301176858727,114.702,31500.955715880496,40.95124243064464
2021-12-01,511260,sell,290.25230370661217,115.32,33471.895663446514,43.51346436248047
2021-12-01,511880,buy,163.24308569058368,102.054,16659.60986706683,21.657492827186875
2021-12-01,511010,buy,132.88550669148222,125.47,16673.144524580275,21.675087881954358
2022-02-07,511880,sell,140.05645552463656,100.355,14055.365594174902,18.271975272427373
2022-02-07,511010,sell,132.44192691990563,127.353,16866.87671903074,21.92693973473996
2022-02-07,511260,buy,261.70811782229987,117.037,30629.532985568512,39.81839288123906
2022-04-01,511260,sell,14120.782782294134,117.067,1653077.6779748274,2149.0009813672755
2022-04-01,518880,buy,420619.31916201825,3.853,1620646.2367312564,2106.8401077506333
2022-04-01,511880,buy,159.38367853671775,100.613,16036.070048614783,20.846891063199216
2022-04-01,511010,buy,128.60827833766535,127.134,16350.484858180746,21.255630315634967
2022-06-01,511880,sell,3.1116102195450837,100.9,313.96147115209897,0.40814991249772864
2022-06-01,511010,sell,4.100375503289054,127.795,524.0074874428246,0.681209733675672
2022-06-01,511260,sell,5.577457501623332,117.85,657.3033665663097,0.8544943765362025
2022-06-01,518880,sell,166.4656930072267,3.852,641.2258494638372,0.8335936043029883
2022-08-01,511880,sell,18.170215630295978,101.197,1838.7713111390622,2.3904027044807807
2022-08-01,511010,sell,17.131475436731296,128.694,2204.7180998546974,2.8661335298111066
2022-08-01,518880,sell,420452.853469011,3.743,1573755.0305345082,2045.8815396948605
2022-08-01,511260,buy,13273.651549190783,118.9,1578237.1691987843,2051.7083199584195
2022-10-10,511880,sell,161.89238194402168,101.481,16429.000812061262,21.35770105567964
2022-10-10,511010,sell,127.02150886199146,128.99,16384.50442810828,21.299855756540765
2022-10-10,511260,buy,257.6478110869518,119.262,30727.59324585204,39.94587121960765
2022-12-01,511880,sell,3.428615824709094,101.654,348.53251304497826,0.4530922669584717
2022-12-01,511260,sell,13689.054549042312,118.86,1627081.0236991693,2115.20533080892
2022-12-01,518880,buy,411386.5977637242,3.956,1627445.380753293,2115.6789949792806
2023-02-01,511880,sell,33.79719904047621,100.242,3387.898826215416,4.404268474080041
2023-02-01,511010,sell,35.29925892519231,128.887,4549.615585091262,5.91450026061864
2023-02-01,511260,sell,38.16684913438262,119.137,4547.083905322943,5.9112090769198256
2023-02-01,518880,sell,277193.79382353346,4.091,1133999.8105320754,1474.1997536916979
2023-02-01,512690,buy,247889.618299292,0.904,224092.21494255998,291.31987942532794
2023-02-01,512800,buy,821044.8148068575,0.5564231851435003,456848.371000387,593.902882300503
2023-02-01,513010,buy,348339.81694443285,0.605,210745.58925138187,273.9692660267964
2023-02-01,513090,buy,213329.41004574034,1.182,252155.36267406508,327.80197147628456
2023-02-07,518880,sell,3131.7502077220956,4.01,12558.318332965602,16.32581383285528
2023-02-07,512690,sell,24788.961829929183,0.889,22037.387066807045,28.648603186849158
2023-02-07,512800,sell,82104.48148068573,0.543845807540799,44652.17803358211,58.04783144365674
2023-02-07,513010,sell,34833.98169444326,0.587,20447.547254638193,26.58181143102965
2023-02-07,513090,sell,21332.94100457403,1.128,24063.557453159505,31.282624689107354
2023-02-07,511880,buy,411.4150257507239,100.271,41252.99604705084,53.62889486116609
2023-02-07,511010,buy,319.85265397984756,128.975,41252.99604705084,53.62889486116609
2023-02-07,511260,buy,345.8355706673164,119.285,41252.99604705084,53.62889486116609
2023-04-03,511880,sell,360.72091599321294,100.527,36262.19152204972,47.14084897866463
2023-04-03,511010,sell,281.3617836357651,129.47,36427.91012732251,47.35628316551926
2023-04-03,511260,sell,305.194004923166,119.874,36584.8261461596,47.560273990007474
2023-04-03,512690,sell,223100.65646936282,0.918,204806.40263887506,266.2483234305376
2023-04-03,512800,sell,738940.3333261717,0.5292560495216657,391088.64164843253,508.4152341429623
2023-04-03,513010,sell,313505.8352499896,0.567,177757.80858674407,231.0851511627673
2023-04-03,513090,sell,191996.4690411663,1.111,213308.07710473577,277.3005002361565
2023-04-03,518880,buy,259387.88114920768,4.221,1094876.2463308056,1423.3391202300472
2023-06-01,511010,sell,47.39602332447843,131.326,6224.330159110454,8.091629206843589
2023-06-01,518880,sell,2948.2486100909236,4.362,12860.26043721661,16.718338568381593
2023-06-01,511880,buy,89.01591156207735,100.836,8976.00845827363,11.66881099575572
2023-06-01,511260,buy,66.77831035621232,121.654,8123.848568074653,10.561003138497048
2023-08-01,518880,sell,220495.91201850088,4.426,975914.9065938849,1268.6893785720504
2023-08-01,512100,buy,92633.39560840551,2.616,242328.9629115888,315.0276517850654
2023-08-01,513100,buy,225021.05666684595,1.153,259449.2783368734,337.2840618379354
2023-08-01,513520,buy,170725.78393632776,1.266,216138.84246339096,280.98049520240824
2023-08-01,513080,buy,151012.23737716876,1.546,233464.9189851029,303.50439468063377
2023-08-01,511880,buy,33.75467883450303,101.129,3413.576915854457,4.437649990610794
2023-08-01,511010,buy,134.90040608038686,131.821,17782.706429922677,23.117518358899478
2023-08-01,511260,buy,24.914780365184967,122.545,3053.181759851592,3.969136287807069
2023-08-11,518880,sell,7272.376488396894,4.415,32107.54219627229,41.73980485515398
2023-08-11,512100,sell,9263.339560840555,2.536,23491.829126291646,30.539377864179137
2023-08-11,513100,sell,22502.105666684594,1.11,24977.337290019903,32.47053847702587
2023-08-11,513520,sell,17072.578393632783,1.229,20982.198845774692,27.2768584995071
2023-08-11,513080,sell,15101.223737716875,1.544,23316.289451034856,30.31117628634531
2023-08-11,511880,buy,411.3433304325841,101.193,41625.06563646448,54.11258532740382
2023-08-11,511010,buy,315.28885819381986,132.022,41625.06563646448,54.11258532740382
2023-08-11,511260,buy,338.86699043004063,122.836,41625.06563646447,54.112585327403806
2023-10-09,511880,sell,468.3324148622344,101.467,47520.28513882634,61.77637068047424
2023-10-09,511010,sell,410.94174917758954,131.993,54241.43429919757,70.51386458895684
2023-10-09,511260,sell,384.65728097515716,122.72,47205.14152127129,61.36668397765267
2023-10-09,512100,sell,83370.05604756495,2.439,203339.56670001094,264.3414367100142
2023-10-09,513100,sell,202518.95100016135,1.096,221960.77029617687,288.5490013850299
2023-10-09,513520,sell,153653.20554269498,1.161,178391.37163506888,231.90878312558954
2023-10-09,513080,sell,135911.01363945188,1.423,193401.37240894002,251.42178413162202
2023-10-09,518880,buy,214594.08896401717,4.405,945286.9618864957,1228.8730504524444
2023-12-01,518880,sell,2068.444870349284,4.589,9492.093510032864,12.339721563042723
2023-12-01,511880,buy,26.263147085717716,101.721,2671.513584706292,3.4729676601181794
2023-12-01,511010,buy,18.943719327532776,132.2,2504.3596950998326,3.255667603629782
2023-12-01,511260,buy,19.458970959814927,123.442,2402.054293221474,3.122670581187916
2024-02-01,511260,sell,2.333636780314789,125.817,293.6111787888658,0.38169453242552553
2024-02-01,518880,sell,560.0022205862679,4.668,2614.0903656966984,3.3983174754057077
2024-02-01,511880,buy,24.68583198285437,100.268,2475.199001256842,3.217758701633895
2024-02-01,511010,buy,0.8309287780246859,134.078,111.40926869999385,0.144832049309992
2024-04-01,511010,sell,10.435828454779429,134.878,1407.5636703237396,1.8298327714208615
2024-04-01,518880,sell,2954.897416285921,5.155,15232.496180953924,19.802245035240098
2024-04-01,511880,buy,75.57483072377407,100.559,7599.7294027519965,9.879648223577595
2024-04-01,511260,buy,56.90284732325186,126.762,7213.118732390052,9.377054352107068
2024-04-17,518880,sell,90680.42662076828,5.461,495205.8097760156,643.7675527088202
2024-04-17,511880,buy,1640.4496269147703,100.624,165068.60325867185,214.58918423627338
2024-04-17,511010,buy,1218.1105972804758,135.512,165068.60325867182,214.58918423627335
2024-04-17,511260,buy,1293.9858838457887,127.566,165068.60325867188,214.58918423627344
2024-05-06,518880,sell,88799.28913330917,5.254,466551.46510640637,606.5169046383282
2024-05-06,511880,buy,1544.2690111360669,100.706,155517.15503546875,202.17230154610937
2024-05-06,511010,buy,1147.5163625564933,135.525,155517.15503546875,202.17230154610937
2024-05-06,511260,buy,1221.3133366484637,127.336,155517.15503546878,202.1723015461094
2024-05-20,518880,sell,50786.221805632886,5.55,281863.5310212625,366.4225903276413
2024-05-20,511880,buy,932.3936441535506,100.767,93954.51034042082,122.14086344254706
2024-05-20,511010,buy,691.9154743051413,135.789,93954.51034042082,122.14086344254706
2024-05-20,511260,buy,736.1302354439747,127.633,93954.51034042082,122.14086344254706
2024-06-03,511880,sell,4088.244893512209,100.831,412221.82085772953,535.8883671150484
2024-06-03,511010,sell,2982.1409971217827,136.16,406048.31816810195,527.8628136185325
2024-06-03,511260,sell,3233.04850695974,127.879,413439.0100215046,537.470713027956
2024-06-03,518880,buy,232113.2993335031,5.296,1229272.0332702324,1598.053643251302
2024-06-18,518880,sell,15418.33188268506,5.284,81470.46566810785,105.9116053685402
2024-06-18,511880,buy,269.1832552521587,100.886,27156.821889369283,35.30386845618007
2024-06-18,511010,buy,199.14949612338506,136.364,27156.821889369283,35.30386845618007
2024-06-18,511260,buy,211.35522799126215,128.489,27156.821889369283,35.30386845618007
2024-07-02,518880,sell,28355.626669704336,5.306,150454.9551094512,195.59144164228655
2024-07-02,511880,buy,496.75265903139297,100.959,50151.651703150405,65.19714721409552
2024-07-02,511010,buy,366.61904092364784,136.795,50151.651703150405,65.19714721409552
2024-07-02,511260,buy,388.9986558320759,128.925,50151.65170315039,65.19714721409551
2024-07-16,518880,sell,31257.36449298159,5.505,172071.79153386364,223.69332899402272
2024-07-16,511880,buy,567.9218163732976,100.995,57357.26384462119,74.56444299800755
2024-07-16,511010,buy,418.7670303403098,136.967,57357.26384462122,74.56444299800758
2024-07-16,511260,buy,444.2408111082635,129.113,57357.26384462122,74.56444299800758
2024-07-30,518880,sell,24158.305143746897,5.394,130309.89794537076,169.40286732898198
2024-07-30,511880,buy,429.87839603001567,101.044,43436.6326484569,56.46762244299397
2024-07-30,511010,buy,315.7558129194915,137.564,43436.63264845693,56.467622442994006
2024-07-30,511260,buy,333.60700328300345,130.203,43436.6326484569,56.46762244299397
2024-08-01,511880,sell,1739.6008697213563,101.053,175791.8866879522,228.52945269433786
2024-08-01,511010,sell,1290.7386545869022,137.887,177976.08086502418,231.36890512453144
2024-08-01,511260,sell,1373.2038950832653,130.568,179296.4861732318,233.08543202520133
2024-08-01,518880,buy,96740.42812354503,5.48,530137.5461170268,689.1788099521349
2024-08-15,518880,sell,64612.74467171305,5.443,351687.16924813413,457.19332002257437
2024-08-15,511880,buy,1159.4668606813118,101.106,117229.0564160447,152.3977733408581
2024-08-15,511010,buy,851.95535186079,137.6,117229.0564160447,152.3977733408581
2024-08-15,511260,buy,901.9631796019474,129.971,117229.05641604471,152.39777334085812
2024-08-29,518880,sell,44340.14901983978,5.535,245422.7248248132,319.04954227225716
2024-08-29,511880,buy,808.7668430525099,101.151,81807.57494160443,106.34984742408575
2024-08-29,511010,buy,593.5526053792394,137.827,81807.57494160443,106.34984742408575
2024-08-29,511260,buy,628.5251382289554,130.158,81807.57494160437,106.34984742408568
2024-10-08,511880,sell,2029.472904126056,101.3,205585.60518796946,267.2612867443603
2024-10-08,511010,sell,1426.0421512582618,137.79,196494.3480218759,255.44265242843863
2024-10-08,511260,sell,1572.7901394952883,129.941,204369.92351615726,265.68090057100443
2024-10-08,518880,buy,105773.2004862959,5.714,604388.0675786948,785.7044878523031
2024-11-19,518880,sell,106388.99349276665,5.858,623226.723880627,810.194741044815
2024-11-19,511880,buy,2047.6697711604609,101.453,207742.24129354223,270.0649136816049
2024-11-19,511010,buy,1493.1627575382722,139.129,207742.24129354226,270.06491368160493
2024-11-19,511260,buy,1580.1854556165597,131.467,207742.24129354226,270.06491368160493
2024-12-02,511880,sell,1974.979666619957,101.508,200476.23599925858,260.61910679903616
2024-12-02,511010,sell,1448.8161258246816,139.844,202608.24229982676,263.3907149897748
2024-12-02,511260,sell,1537.2815225388515,132.605,203851.21629626438,265.00658118514366
2024-12-02,518880,sell,136580.55315150143,5.872,802001.0081056164,1042.6013105373013
2024-12-02,159995,buy,132266.0437866312,1.219,161232.30737590345,209.60199958867446
2024-12-02,512800,buy,523964.352383125,0.6977929093978615,365618.6098701871,475.30419283124326
2024-12-02,513500,buy,189274.6004309197,2.199,416214.8463475924,541.0793002518701
2024-12-02,513090,buy,164610.00185132917,1.539,253334.79284919557,329.3352307039542
2024-12-16,518880,sell,25293.963442366872,5.947,150423.2005917558,195.55016076928254
2024-12-16,512800,sell,108639.32235437616,0.7189229037703996,78103.29709065659,101.53428621785356
2024-12-16,513500,sell,39244.39560856789,2.274,89241.75561388338,116.01428229804839
2024-12-16,513090,sell,34130.41168267261,1.518,51809.96493429702,67.35295441458612
2024-12-16,511880,buy,1212.9686934237623,101.563,123192.73941019758,160.15056123325684
2024-12-16,511010,buy,872.6985074714876,141.163,123192.73941019761,160.1505612332569
2024-12-16,511260,buy,909.876578974095,135.395,123192.7394101976,160.15056123325687
2025-02-05,511880,sell,1011.9676053226459,100.2,101399.15405332913,131.81890026932786
2025-02-05,511010,sell,747.447198303318,141.459,105733.13322478907,137.4530731922258
2025-02-05,511260,sell,793.5143267743007,136.578,108376.59972218044,140.88957963883456
2025-02-05,518880,sell,96698.10063781137,6.439,622639.0700068674,809.4307910089276
2025-02-05,513500,sell,150030.2048223518,2.192,328866.2089705952,427.52607166177376
2025-02-05,159995,buy,147278.24940978934,1.22,179679.464279943,233.58330356392588
2025-02-05,512800,buy,395691.8253827277,0.74458075407991,294624.51772672747,383.0118730447457
2025-02-05,515050,buy,279137.47561361466,1.129,315146.20996777096,409.69007295810223
2025-02-05,513180,buy,625926.2108788658,0.674,421874.26613235555,548.4365459720622
2025-02-05,513090,buy,179031.32000292034,1.469,262997.00908429,341.896111809577
2025-03-04,159995,sell,27954.429319642066,1.33,37179.39099512395,48.33320829366113
2025-03-04,512800,sell,81101.68554114757,0.7470962296004502,60590.76348203269,78.7679925266425
2025-03-04,513090,sell,30951.091017157683,1.583,48995.57708016061,63.69425020420879
2025-03-04,515050,sell,27913.747561361444,1.158,32324.11967605655,42.02135557887351
2025-03-04,513180,sell,62592.62108788658,0.765,47883.355132233235,62.248361671903204
2025-03-04,511880,buy,565.8429970921885,100.281,56743.30159140176,73.76629206882228
2025-03-04,511010,buy,403.5968931206293,140.594,56743.30159140176,73.76629206882228
2025-03-04,511260,buy,418.9398028085329,135.445,56743.30159140173,73.76629206882225
2025-03-04,518880,buy,8731.081949746385,6.499,56743.30159140176,73.76629206882228
2025-03-05,159995,sell,113479.5076261306,1.335,151495.14268088434,196.94368548514964
2025-03-05,512800,sell,329227.9458694583,0.7591705120990433,249940.14826303278,324.9221927419426
2025-03-05,513090,sell,125644.29518332885,1.61,202287.31524515947,262.97350981870727
2025-03-05,515050,sell,113314.3622086993,1.169,132464.48942196948,172.20383624856032
2025-03-05,513180,sell,254091.39070105966,0.786,199715.8330910329,259.63058301834275
2025-03-05,511880,buy,3110.6245116779473,100.291,311967.642900693,405.5579357709009
2025-03-05,511010,buy,2219.6835406250843,140.546,311967.6429006931,405.55793577090105
2025-03-05,511260,buy,2302.888083537758,135.468,311967.642900693,405.5579357709009
2025-03-19,159995,sell,64623.41183784091,1.308,84527.42268389591,109.88564948906469
2025-03-19,512800,sell,187486.12484770134,0.7782881260551491,145918.2247690592,189.69369219977693
2025-03-19,513090,sell,71550.91877432365,1.682,120348.64537841239,156.4532389919361
2025-03-19,515050,sell,64529.36613261142,1.175,75822.00520581842,98.56860676756395
2025-03-19,513180,sell,144697.95409954072,0.828,119809.9059944197,155.7528777927456
2025-03-19,511880,buy,1815.5926277702097,100.321,182142.0680105352,236.78468841369576
2025-03-19,511010,buy,1302.950583799753,139.792,182142.0680105351,236.78468841369562
2025-03-19,511260,buy,1361.3314798578085,133.797,182142.0680105352,236.78468841369576
2025-04-01,511880,sell,5693.726568850317,100.391,571598.9039734522,743.0785751654878
2025-04-01,511010,sell,4061.4403978626183,140.18,569332.7149723818,740.1325294640964
2025-04-01,511260,sell,4218.711425697505,134.509,567454.6551591456,737.6910517068892
2025-04-01,515050,sell,73379.99971094249,1.105,81084.89968059145,105.41036958476889
2025-04-01,518880,sell,8731.081949746385,7.056,61606.5142374105,80.08846850863364
2025-04-01,159995,buy,157836.90290502497,1.237,195244.2488935159,253.81752356157065
2025-04-01,512800,buy,701027.9946672498,0.7621890827236916,534315.8842190601,694.610649484778
2025-04-01,513180,buy,95571.53167488593,0.749,71583.07722448956,93.05800039183643
2025-04-01,513120,buy,183334.43227221488,0.977,179117.74032995393,232.8530624289401
2025-04-01,513090,buy,69171.00397333423,1.543,106730.85913085472,138.75011687011113
2025-04-02,159995,sell,23132.384731783153,1.235,28568.495143752196,37.139043686877855
2025-04-02,512800,sell,91422.90938204183,0.7687293190770962,70279.47087730409,91.36331214049531
2025-04-02,513090,sell,15053.560917010116,1.557,23438.39434778475,30.469912652120172
2025-04-02,513180,sell,26011.577666526486,0.748,19456.660094561812,25.293658122930353
2025-04-02,513120,sell,18333.44322722148,0.962,17636.772384587064,22.927804099963183
2025-04-02,511880,buy,396.865986832513,100.399,39844.94821199747,51.79843267559671
2025-04-02,511010,buy,284.03464601301306,140.282,39844.9482119975,51.79843267559675
2025-04-02,511260,buy,295.80071722763955,134.702,39844.9482119975,51.79843267559675
2025-04-02,518880,buy,5668.651047374801,7.029,39844.94821199748,51.79843267559672
2025-04-16,159995,sell,54911.29897527929,1.247,68474.38982217328,89.01670676882526
2025-04-16,512800,sell,217018.2957129204,0.7707416994935284,167265.0500589654,217.444565076655
2025-04-16,511880,buy,782.3635569222405,100.439,78579.81329371291,102.15375728182678
2025-04-16,511010,buy,555.8686319976293,141.364,78579.81329371288,102.15375728182674
2025-04-16,511260,buy,576.2715573868456,136.359,78579.81329371288,102.15375728182674
2025-04-30,512800,sell,109424.84052552698,0.7647045582442318,83677.67433501862,108.7809766355242
2025-04-30,511880,buy,277.5876088421098,100.482,27892.55811167287,36.26032554517473
2025-04-30,511010,buy,197.42331428178107,141.283,27892.55811167287,36.26032554517473
2025-04-30,511260,buy,204.27224606852522,136.546,27892.558111672843,36.260325545174695
2025-05-19,512800,sell,95323.38764362967,0.8029397861564435,76538.94049028377,99.50062263736889
2025-05-19,511880,buy,253.76959659652178,100.536,25512.980163427914,33.166874212456285
2025-05-19,511010,buy,180.92772362230082,141.012,25512.980163427885,33.16687421245625
2025-05-19,511260,buy,187.42455528362314,136.124,25512.980163427914,33.166874212456285
2025-06-03,511880,sell,1529.0391670905403,100.575,153783.1142301311,199.9180484991704
2025-06-03,511010,sell,1091.9519381732891,141.069,154040.5679661677,200.252738356018
2025-06-03,511260,sell,1137.094162715144,136.146,154810.821877016,201.25406844012076
2025-06-03,513180,sell,234104.19899873823,0.7,163872.93929911676,213.03482108885177
2025-06-03,159995,buy,203246.47582115486,1.183,240440.5808964262,312.57275516535407
2025-06-03,512800,buy,184443.50695400202,0.8265852560495216,152458.28342224547,198.1957684489191
2025-06-03,513120,buy,184659.34343940514,1.03,190199.1237425873,247.2588608653635
2025-06-03,513090,buy,110990.0879154104,1.562,173366.51732387106,225.37647252103235
2025-06-03,518880,buy,83624.08660422802,7.478,625340.9196264171,812.9431955143422
2025-06-18,159995,sell,35652.66394319242,1.174,41856.227469307894,54.41309571010026
2025-06-18,512800,sell,58548.31675103018,0.8467090602138435,49573.39025336719,64.44540732937735
2025-06-18,513090,sell,24647.213616850124,1.67,41160.84674013971,53.50910076218162
2025-06-18,513120,sell,34966.03324843984,1.127,39406.719470991695,51.2287353122892
2025-06-18,518880,sell,966.0082382442499,7.503,7247.959811546607,9.42234775501059
2025-06-18,511880,buy,593.7609314443544,100.627,59748.38124845104,77.67289562298635
2025-06-18,511010,buy,421.95482488189214,141.599,59748.38124845104,77.67289562298635
2025-06-18,511260,buy,436.74759507065653,136.803,59748.38124845103,77.67289562298633
2025-08-01,511880,sell,362.5487876820388,100.798,36544.19270077415,47.50745051100639
2025-08-01,511010,sell,256.68649313296254,141.321,36275.1918960434,47.157749464856415
2025-08-01,511260,sell,265.14785307068655,136.342,36150.78858336355,46.99602515837262
2025-08-01,159995,sell,320873.9754887319,1.25,401092.4693609149,521.4202101691893
2025-08-01,513090,sell,47035.04733071997,2.175,102301.22794431594,132.99159632761072
2025-08-01,513120,sell,81205.28121478953,1.421,115392.70460621594,150.0105159880807
2025-08-01,518880,sell,88326.72941335858,7.352,649378.1146470123,844.191549041116
2025-08-01,159915,buy,297399.42886568647,2.303,684910.8846776759,890.3841500809787
2025-08-01,512800,buy,315528.2808745523,0.853,269145.62358599313,349.88931066179106
2025-08-01,515050,buy,305491.64517332823,1.372,419134.53717780637,544.8748983311483
2025-08-29,512800,sell,284897.88503136096,0.836,238174.63188621774,309.62702145208306
2025-08-29,513090,sell,59109.13356975612,2.335,138019.82688538055,179.4257749509947
2025-08-29,513120,sell,78959.57094677167,1.482,117018.08414311562,152.1235093860503
2025-08-29,159915,sell,100572.31600040615,2.865,288139.68534116365,374.5815909435127
2025-08-29,515050,sell,103308.88122764922,1.936,200005.9940567289,260.00779227374755
2025-08-29,511880,buy,3242.5301082187016,100.884,327119.40743753547,425.25522966879606
2025-08-29,511010,buy,2317.563177923424,141.148,327119.40743753547,425.25522966879606
2025-08-29,511260,buy,2412.1715440929675,135.612,327119.40743753547,425.25522966879606
2025-09-12,512800,sell,244393.60031134018,0.824,201380.3266565443,261.7944246535076
2025-09-12,513090,sell,50705.51493496144,2.332,118245.26082833007,153.71883907682908
2025-09-12,513120,sell,67733.79107604128,1.527,103429.49897311503,134.45834866504953
2025-09-12,159915,sell,86273.82543146446,2.995,258390.10716723604,335.90713931740686
2025-09-12,515050,sell,88621.32979534958,2.017,178749.22219722008,232.3739888563861
2025-09-12,511880,buy,2842.274282975142,100.881,286731.4719408153,372.75091352305986
2025-09-12,511010,buy,2029.2246476728062,141.301,286731.47194081516,372.7509135230597
2025-09-12,511260,buy,2115.7090716902053,135.525,286731.4719408151,372.75091352305964
2025-09-26,512800,sell,124807.31049372513,0.789,98472.96797954914,128.0148583734139
2025-09-26,159915,sell,44058.453676319885,3.129,137858.90155320492,179.2165720191664
2025-09-26,515050,sell,45257.28091915905,2.096,94859.26080655737,123.31703904852458
2025-09-26,511880,buy,1093.852300683054,100.925,110397.04344643722,143.51615648036838
2025-09-26,511010,buy,789.362225763908,139.856,110397.0434464371,143.51615648036824
2025-09-26,511260,buy,823.4959491450554,134.059,110397.04344643699,143.51615648036807
2025-10-09,511880,sell,7525.315681456742,100.948,759665.5674116951,987.5652376352036
2025-10-09,511010,sell,5375.936205461581,140.123,753292.3089178931,979.280001593261
2025-10-09,511260,sell,5595.2740579048395,134.384,751915.3089974839,977.489901696729
2025-10-09,512800,sell,188364.33579739823,0.777,146359.08891457843,190.26681558895194
2025-10-09,159915,sell,66494.83375749596,3.235,215110.78720549942,279.64402336714926
2025-10-09,159755,buy,430899.2590883906,1.136,489501.5583244117,636.3520258217352
2025-10-09,515050,buy,122290.05214660353,2.151,263045.9021673442,341.9596728175474
2025-10-09,513120,buy,217282.67258017094,1.511,328314.11826863827,426.80835374922975
2025-10-09,513310,buy,195045.1240096546,2.462,480201.09531176963,624.2614239053005
2025-10-09,513090,buy,123503.49317903233,2.324,287022.1181480711,373.12875359249244
2025-10-13,513090,sell,18847.871989524574,2.248,42370.01623245125,55.081021102186625
2025-10-13,513120,sell,30407.832857852714,1.42,43179.12265815085,56.132859455596105
2025-10-13,515050,sell,19059.420537777383,2.033,38747.801953301416,50.372142539291836
2025-10-13,159755,sell,43089.92590883905,1.073,46235.4905001843,60.10613765023959
2025-10-13,513310,sell,19504.51240096543,2.402,46849.83878711896,60.904790423254646
2025-10-13,511880,buy,538.2401284830169,100.969,54345.567532801724,70.64923779264224
2025-10-13,511010,buy,387.8114342900489,140.134,54345.56753280171,70.64923779264223
2025-10-13,511260,buy,404.2155461468216,134.447,54345.567532801724,70.64923779264224
2025-10-13,518880,buy,6134.503615848483,8.859,54345.56753280171,70.64923779264223
2025-10-23,513090,sell,70675.63198224873,2.261,159797.6039118644,207.7368850854237
2025-10-23,513120,sell,114023.10062556487,1.339,152676.93173763136,198.48001125892074
2025-10-23,515050,sell,71468.89539951956,2.038,145653.60882422086,189.34969147148712
2025-10-23,159755,sell,161578.333478075,1.03,166425.68348241725,216.3533885271424
2025-10-23,513310,sell,73137.89807199404,2.386,174507.0247997778,226.85913223971113
2025-10-23,511880,buy,2637.1123105018105,101.002,266353.61758530384,346.259702860895
2025-10-23,511010,buy,1900.7879766021342,140.128,266353.61758530384,346.259702860895
2025-10-23,511260,buy,1979.0588737707037,134.586,266353.61758530396,346.2597028608951
2025-11-06,513090,sell,32325.474593230625,2.213,71536.27527481937,92.99715785726518
2025-11-06,513120,sell,52151.650277974666,1.352,70509.03117582176,91.66174052856829
2025-11-06,515050,sell,32688.295776735125,2.144,70083.70614532012,91.10881798891614
2025-11-06,159755,sell,73902.36446663713,1.101,81366.50327776748,105.77645426109771
2025-11-06,513310,sell,33451.66077216466,2.689,89951.51581635076,116.93697056125598
2025-11-06,511880,buy,1264.8004792394954,101.056,127815.67723002646,166.16038039903438
2025-11-06,511010,buy,909.3317958880657,140.56,127815.67723002651,166.16038039903447
2025-11-06,511260,buy,945.2983258144726,135.212,127815.67723002646,166.16038039903438
2025-12-01,511880,sell,4022.4585312643903,101.117,406738.93930586136,528.7606210976197
2025-12-01,511010,sell,2898.6405924785936,140.575,407476.4012876783,529.7193216739818
2025-12-01,511260,sell,3017.826948173747,134.981,407349.2992914405,529.5540890788726
2025-12-01,513090,sell,66629.74133024199,2.043,136124.56153768438,176.9619299989897
2025-12-01,159755,buy,181101.06558242266,1.052,190518.32099270864,247.6738172905212
2025-12-01,515050,buy,102096.73884364209,2.082,212565.41027246282,276.33503335420164
2025-12-01,513120,buy,245427.35045796013,1.347,330590.6410668723,429.76783338693394
2025-12-01,513310,buy,87086.33378524776,2.478,215799.93511984395,280.53991565579713
2025-12-01,518880,buy,128125.40376296593,9.161,1173756.8238725308,1525.88387103429
2025-12-29,518880,sell,13446.249632791358,9.563,128586.48523838376,167.16243080989886
2025-12-29,511880,buy,423.5600745701656,101.195,42862.16174612791,55.72081026996628
2025-12-29,511010,buy,305.9048341811635,140.116,42862.16174612791,55.72081026996628
2025-12-29,511260,buy,320.1822821445596,133.868,42862.16174612791,55.72081026996628
2026-01-14,513120,sell,117176.49903641902,1.39,162875.33366062242,211.73793375880913
2026-01-14,515050,sell,56268.37468449064,2.333,131274.11813891667,170.65635358059166
2026-01-14,159755,sell,110704.35893710268,1.085,120114.22944675639,156.14849828078331
2026-01-14,513310,sell,51807.07899108605,2.991,154954.97326233838,201.44146524103988
2026-01-14,518880,sell,40112.19905976532,9.922,397993.2390709915,517.3912107922889
2026-01-14,511880,buy,3221.2049848787246,100.088,322403.96452654176,419.1251538845043
2026-01-14,511010,buy,2301.3567025229077,140.093,322403.96452654165,419.12515388450413
2026-01-14,511260,buy,2405.2099648364847,134.044,322403.96452654176,419.1251538845043
2026-01-28,513120,sell,72311.68823696328,1.316,95162.18171984368,123.71083623579678
2026-01-28,515050,sell,34724.20836298328,2.387,82886.68536244109,107.75269097117341
2026-01-28,159755,sell,68317.61620941234,1.09,74466.20166825945,96.80606216873728
2026-01-28,513310,sell,31971.063952907396,3.613,115511.45406185443,150.16489028041076
2026-01-28,518880,sell,24753.946881509466,11.28,279224.5208234268,362.9918770704548
2026-01-28,511880,buy,2154.702365710661,100.13,215750.3478786085,280.47545224219107
2026-01-28,511010,buy,1537.1541702844065,140.357,215750.34787860845,280.47545224219095
2026-01-28,511260,buy,1602.06688853203,134.67,215750.34787860845,280.47545224219095
2026-02-02,511880,sell,6202.132186562358,100.158,621193.1555417127,807.5511022042264
2026-02-02,511010,sell,4440.501212456723,140.432,623588.4662677224,810.6650061480391
2026-02-02,511260,sell,4635.56077945349,134.8,624873.5930703304,812.3356709914295
2026-02-02,513120,sell,163434.90800171264,1.224,200044.32739409627,260.0576256123251
2026-02-02,518880,sell,55947.511804748276,9.908,554327.9469614459,720.6263310498796
2026-02-02,159995,buy,248638.62230031058,1.911,475148.40721589356,617.6929293806616
2026-02-02,159326,buy,223139.13040809246,1.748,390047.19995334564,507.0613599393493
2026-02-02,159755,buy,277678.2045391984,1.03,286008.5506753744,371.8111158779867
2026-02-02,515050,buy,190273.08589517692,2.328,442955.74396397185,575.8424671531634
2026-02-02,513310,buy,35131.21943349467,3.365,118216.55339370956,153.68151941182242
2026-02-06,515050,sell,26875.483535508694,2.249,60442.96247135906,78.57585121276678
2026-02-06,159755,sell,43208.593020994565,1.06,45801.108602254244,59.54144118293051
2026-02-06,513310,sell,10739.046303927951,3.405,36566.45266487467,47.536388464337065
2026-02-06,159995,sell,24863.862230031045,1.85,45998.145125557436,59.797588663224666
2026-02-06,159326,sell,22313.913040809253,1.74,38826.2086910081,50.47407129831053
2026-02-06,511880,buy,568.1213875288349,100.17,56908.71938876339,73.98133520539241
2026-02-06,511010,buy,404.7964903245228,140.586,56908.71938876336,73.98133520539237
2026-02-06,511260,buy,421.46177719095715,135.027,56908.71938876336,73.98133520539237
2026-02-06,518880,buy,5494.710764580804,10.357,56908.71938876338,73.98133520539238
2026-02-24,515050,sell,101130.68454927215,2.385,241196.68265001406,313.55568744501824
2026-02-24,159755,sell,162591.10593678005,1.095,178037.26100077416,231.4484393010064
2026-02-24,513310,sell,40410.327973732856,3.851,155620.17302684524,202.3062249348988
2026-02-24,159995,sell,93561.08531180849,1.943,181789.1887608439,236.3259453890971
2026-02-24,159326,sell,83965.79350129474,1.91,160374.66558747296,208.48706526371484
2026-02-24,511880,buy,3050.4122167977303,100.207,305672.65700865013,397.37445411124514
2026-02-24,511010,buy,2170.0304343192943,140.861,305672.6570086501,397.3744541112451
2026-02-24,511260,buy,2260.1067455000857,135.247,305672.65700865013,397.37445411124514
2026-03-10,515050,sell,60975.62434826301,2.441,148841.49903411,193.493948744343
2026-03-10,159755,sell,98032.5036081355,1.094,107247.55894730025,139.42182663149032
2026-03-10,513310,sell,24364.958956803315,4.129,100602.91553264088,130.78379019243314
2026-03-10,159995,sell,56411.618461942664,1.854,104587.1406284417,135.9632828169742
2026-03-10,159326,sell,50626.243710872026,2.115,107074.50544849434,139.19685708304263
2026-03-10,511880,buy,1889.8630023175895,100.246,189451.20653032907,246.2865684894278
2026-03-10,511010,buy,1346.0599419540947,140.745,189451.20653032907,246.2865684894278
2026-03-10,511260,buy,1403.3838523388035,134.996,189451.20653032913,246.28656848942785
